E92000001,England,nation,2023-05-28,Other,0.0,0.0
E92000001,England,nation,2023-05-28,V-20DEC-01 (Alpha),0.0,0.0
E92000001,England,nation,2023-05-28,V-21APR-02 (Delta B.1.617.2),0.0,0.0
E92000001,England,nation,2023-05-28,V-21OCT-01 (Delta AY 4.2),0.0,0.0
E92000001,England,nation,2023-05-28,V-22DEC-01 (Omicron CH.1.1),2426330.0,1.6
E92000001,England,nation,2023-05-28,V-22JUL-01 (Omicron BA.2.75),2426330.0,0.5
E92000001,England,nation,2023-05-28,V-22OCT-01 (Omicron BQ.1),2426330.0,0.2
E92000001,England,nation,2023-05-28,V-22OCT-02 (Omicron XBB),2426330.0,50.6
E92000001,England,nation,2023-05-28,V-23APR-01 (Omicron XBB.1.16),2426330.0,22.8
E92000001,England,nation,2023-05-28,V-23AUG-01 (Omicron BA.2.86),0.0,0.0
E92000001,England,nation,2023-05-28,V-23JAN-01 (Omicron XBB.1.5),2426330.0,23.9
E92000001,England,nation,2023-05-28,V-23JUL-01 (Omicron EG.5.1),2426330.0,0.5
E92000001,England,nation,2023-05-28,VOC-21NOV-01 (Omicron BA.1),0.0,0.0
E92000001,England,nation,2023-05-28,VOC-22APR-03 (Omicron BA.4),0.0,0.0
E92000001,England,nation,2023-05-28,VOC-22APR-04 (Omicron BA.5),0.0,0.0
E92000001,England,nation,2023-05-28,VOC-22JAN-01 (Omicron BA.2),0.0,0.0
E92000001,England,nation,2023-05-21,Other,2425895.0,0.2
E92000001,England,nation,2023-05-21,V-20DEC-01 (Alpha),0.0,0.0
E92000001,England,nation,2023-05-21,V-21APR-02 (Delta B.1.617.2),0.0,0.0
E92000001,England,nation,2023-05-21,V-21OCT-01 (Delta AY 4.2),0.0,0.0
E92000001,England,nation,2023-05-21,V-22DEC-01 (Omicron CH.1.1),2425895.0,3.7
E92000001,England,nation,2023-05-21,V-22JUL-01 (Omicron BA.2.75),2425895.0,0.2
E92000001,England,nation,2023-05-21,V-22OCT-01 (Omicron BQ.1),2425895.0,0.4
E92000001,England,nation,2023-05-21,V-22OCT-02 (Omicron XBB),2425895.0,41.1
E92000001,England,nation,2023-05-21,V-23APR-01 (Omicron XBB.1.16),2425895.0,21.1
E92000001,England,nation,2023-05-21,V-23AUG-01 (Omicron BA.2.86),0.0,0.0
E92000001,England,nation,2023-05-21,V-23JAN-01 (Omicron XBB.1.5),2425895.0,32.0
E92000001,England,nation,2023-05-21,V-23JUL-01 (Omicron EG.5.1),2425895.0,1.0
E92000001,England,nation,2023-05-21,VOC-21NOV-01 (Omicron BA.1),0.0,0.0
E92000001,England,nation,2023-05-21,VOC-22APR-03 (Omicron BA.4),0.0,0.0
E92000001,England,nation,2023-05-21,VOC-22APR-04 (Omicron BA.5),2425895.0,0.2
E92000001,England,nation,2023-05-21,VOC-22JAN-01 (Omicron BA.2),0.0,0.0
E92000001,England,nation,2023-05-14,Other,2425411.0,0.3
E92000001,England,nation,2023-05-14,V-20DEC-01 (Alpha),0.0,0.0
E92000001,England,nation,2023-05-14,V-21APR-02 (Delta B.1.617.2),0.0,0.0
E92000001,England,nation,2023-05-14,V-21OCT-01 (Delta AY 4.2),0.0,0.0
E92000001,England,nation,2023-05-14,V-22DEC-01 (Omicron CH.1.1),2425411.0,4.4
E92000001,England,nation,2023-05-14,V-22JUL-01 (Omicron BA.2.75),2425411.0,0.5
E92000001,England,nation,2023-05-14,V-22OCT-01 (Omicron BQ.1),0.0,0.0
E92000001,England,nation,2023-05-14,V-22OCT-02 (Omicron XBB),2425411.0,40.1
E92000001,England,nation,2023-05-14,V-23APR-01 (Omicron XBB.1.16),2425411.0,20.1
E92000001,England,nation,2023-05-14,V-23AUG-01 (Omicron BA.2.86),0.0,0.0
E92000001,England,nation,2023-05-14,V-23JAN-01 (Omicron XBB.1.5),2425411.0,34.3
E92000001,England,nation,2023-05-14,V-23JUL-01 (Omicron EG.5.1),0.0,0.0
E92000001,England,nation,2023-05-14,VOC-21NOV-01 (Omicron BA.1),0.0,0.0
E92000001,England,nation,2023-05-14,VOC-22APR-03 (Omicron BA.4),0.0,0.0
E92000001,England,nation,2023-05-14,VOC-22APR-04 (Omicron BA.5),2425411.0,0.1
E92000001,England,nation,2023-05-14,VOC-22JAN-01 (Omicron BA.2),2425411.0,0.1
E92000001,England,nation,2023-05-07,Other,2424755.0,0.3
E92000001,England,nation,2023-05-07,V-20DEC-01 (Alpha),0.0,0.0
E92000001,England,nation,2023-05-07,V-21APR-02 (Delta B.1.617.2),0.0,0.0
E92000001,England,nation,2023-05-07,V-21OCT-01 (Delta AY 4.2),0.0,0.0
E92000001,England,nation,2023-05-07,V-22DEC-01 (Omicron CH.1.1),2424755.0,3.5
E92000001,England,nation,2023-05-07,V-22JUL-01 (Omicron BA.2.75),0.0,0.0
E92000001,England,nation,2023-05-07,V-22OCT-01 (Omicron BQ.1),2424755.0,0.1
E92000001,England,nation,2023-05-07,V-22OCT-02 (Omicron XBB),2424755.0,42.6
E92000001,England,nation,2023-05-07,V-23APR-01 (Omicron XBB.1.16),2424755.0,15.7
E92000001,England,nation,2023-05-07,V-23AUG-01 (Omicron BA.2.86),0.0,0.0
E92000001,England,nation,2023-05-07,V-23JAN-01 (Omicron XBB.1.5),2424755.0,37.5
E92000001,England,nation,2023-05-07,V-23JUL-01 (Omicron EG.5.1),0.0,0.0
E92000001,England,nation,2023-05-07,VOC-21NOV-01 (Omicron BA.1),0.0,0.0
E92000001,England,nation,2023-05-07,VOC-22APR-03 (Omicron BA.4),0.0,0.0
E92000001,England,nation,2023-05-07,VOC-22APR-04 (Omicron BA.5),2424755.0,0.1
E92000001,England,nation,2023-05-07,VOC-22JAN-01 (Omicron BA.2),2424755.0,0.1
E92000001,England,nation,2023-04-30,Other,2424093.0,0.2
E92000001,England,nation,2023-04-30,V-20DEC-01 (Alpha),0.0,0.0
E92000001,England,nation,2023-04-30,V-21APR-02 (Delta B.1.617.2),0.0,0.0
E92000001,England,nation,2023-04-30,V-21OCT-01 (Delta AY 4.2),0.0,0.0
E92000001,England,nation,2023-04-30,V-22DEC-01 (Omicron CH.1.1),2424093.0,3.8
E92000001,England,nation,2023-04-30,V-22JUL-01 (Omicron BA.2.75),0.0,0.0
E92000001,England,nation,2023-04-30,V-22OCT-01 (Omicron BQ.1),2424093.0,0.3
E92000001,England,nation,2023-04-30,V-22OCT-02 (Omicron XBB),2424093.0,41.8
E92000001,England,nation,2023-04-30,V-23APR-01 (Omicron XBB.1.16),2424093.0,9.9
E92000001,England,nation,2023-04-30,V-23AUG-01 (Omicron BA.2.86),0.0,0.0
E92000001,England,nation,2023-04-30,V-23JAN-01 (Omicron XBB.1.5),2424093.0,43.1
E92000001,England,nation,2023-04-30,V-23JUL-01 (Omicron EG.5.1),2424093.0,0.1
E92000001,England,nation,2023-04-30,VOC-21NOV-01 (Omicron BA.1),0.0,0.0
E92000001,England,nation,2023-04-30,VOC-22APR-03 (Omicron BA.4),0.0,0.0
E92000001,England,nation,2023-04-30,VOC-22APR-04 (Omicron BA.5),2424093.0,0.1
E92000001,England,nation,2023-04-30,VOC-22JAN-01 (Omicron BA.2),2424093.0,0.6
E92000001,England,nation,2023-04-23,Other,2423203.0,0.2
E92000001,England,nation,2023-04-23,V-20DEC-01 (Alpha),0.0,0.0
E92000001,England,nation,2023-04-23,V-21APR-02 (Delta B.1.617.2),0.0,0.0
E92000001,England,nation,2023-04-23,V-21OCT-01 (Delta AY 4.2),0.0,0.0
E92000001,England,nation,2023-04-23,V-22DEC-01 (Omicron CH.1.1),2423203.0,5.2
E92000001,England,nation,2023-04-23,V-22JUL-01 (Omicron BA.2.75),2423203.0,1.0
E92000001,England,nation,2023-04-23,V-22OCT-01 (Omicron BQ.1),2423203.0,0.6
E92000001,England,nation,2023-04-23,V-22OCT-02 (Omicron XBB),2423203.0,41.0
E92000001,England,nation,2023-04-23,V-23APR-01 (Omicron XBB.1.16),2423203.0,7.3
E92000001,England,nation,2023-04-23,V-23AUG-01 (Omicron BA.2.86),2423203.0,0.1
E92000001,England,nation,2023-04-23,V-23JAN-01 (Omicron XBB.1.5),2423203.0,44.1
E92000001,England,nation,2023-04-23,V-23JUL-01 (Omicron EG.5.1),0.0,0.0
E92000001,England,nation,2023-04-23,VOC-21NOV-01 (Omicron BA.1),0.0,0.0
E92000001,England,nation,2023-04-23,VOC-22APR-03 (Omicron BA.4),0.0,0.0
E92000001,England,nation,2023-04-23,VOC-22APR-04 (Omicron BA.5),0.0,0.0
E92000001,England,nation,2023-04-23,VOC-22JAN-01 (Omicron BA.2),2423203.0,0.5
E92000001,England,nation,2023-04-16,Other,2422197.0,0.1
E92000001,England,nation,2023-04-16,V-20DEC-01 (Alpha),0.0,0.0
E92000001,England,nation,2023-04-16,V-21APR-02 (Delta B.1.617.2),0.0,0.0
E92000001,England,nation,2023-04-16,V-21OCT-01 (Delta AY 4.2),0.0,0.0
E92000001,England,nation,2023-04-16,V-22DEC-01 (Omicron CH.1.1),2422197.0,7.8
E92000001,England,nation,2023-04-16,V-22JUL-01 (Omicron BA.2.75),2422197.0,0.8
E92000001,England,nation,2023-04-16,V-22OCT-01 (Omicron BQ.1),2422197.0,1.3
E92000001,England,nation,2023-04-16,V-22OCT-02 (Omicron XBB),2422197.0,38.0
E92000001,England,nation,2023-04-16,V-23APR-01 (Omicron XBB.1.16),2422197.0,5.7
E92000001,England,nation,2023-04-16,V-23AUG-01 (Omicron BA.2.86),0.0,0.0
E92000001,England,nation,2023-04-16,V-23JAN-01 (Omicron XBB.1.5),2422197.0,45.5
E92000001,England,nation,2023-04-16,V-23JUL-01 (Omicron EG.5.1),2422197.0,0.1
E92000001,England,nation,2023-04-16,VOC-21NOV-01 (Omicron BA.1),0.0,0.0
E92000001,England,nation,2023-04-16,VOC-22APR-03 (Omicron BA.4),0.0,0.0
E92000001,England,nation,2023-04-16,VOC-22APR-04 (Omicron BA.5),2422197.0,0.2
E92000001,England,nation,2023-04-16,VOC-22JAN-01 (Omicron BA.2),2422197.0,0.5
E92000001,England,nation,2023-04-09,Other,2421112.0,0.2
E92000001,England,nation,2023-04-09,V-20DEC-01 (Alpha),0.0,0.0
E92000001,England,nation,2023-04-09,V-21APR-02 (Delta B.1.617.2),2421112.0,0.1
E92000001,England,nation,2023-04-09,V-21OCT-01 (Delta AY 4.2),0.0,0.0
E92000001,England,nation,2023-04-09,V-22DEC-01 (Omicron CH.1.1),2421112.0,7.8
E92000001,England,nation,2023-04-09,V-22JUL-01 (Omicron BA.2.75),2421112.0,0.5
E92000001,England,nation,2023-04-09,V-22OCT-01 (Omicron BQ.1),2421112.0,1.7
E92000001,England,nation,2023-04-09,V-22OCT-02 (Omicron XBB),2421112.0,35.9
E92000001,England,nation,2023-04-09,V-23APR-01 (Omicron XBB.1.16),2421112.0,2.8
E92000001,England,nation,2023-04-09,V-23AUG-01 (Omicron BA.2.86),0.0,0.0
E92000001,England,nation,2023-04-09,V-23JAN-01 (Omicron XBB.1.5),2421112.0,50.2
E92000001,England,nation,2023-04-09,V-23JUL-01 (Omicron EG.5.1),2421112.0,0.1
E92000001,England,nation,2023-04-09,VOC-21NOV-01 (Omicron BA.1),0.0,0.0
E92000001,England,nation,2023-04-09,VOC-22APR-03 (Omicron BA.4),0.0,0.0
E92000001,England,nation,2023-04-09,VOC-22APR-04 (Omicron BA.5),2421112.0,0.2
E92000001,England,nation,2023-04-09,VOC-22JAN-01 (Omicron BA.2),2421112.0,0.5
E92000001,England,nation,2023-04-02,Other,2419823.0,0.1
E92000001,England,nation,2023-04-02,V-20DEC-01 (Alpha),0.0,0.0
E92000001,England,nation,2023-04-02,V-21APR-02 (Delta B.1.617.2),0.0,0.0
E92000001,England,nation,2023-04-02,V-21OCT-01 (Delta AY 4.2),0.0,0.0
E92000001,England,nation,2023-04-02,V-22DEC-01 (Omicron CH.1.1),2419823.0,8.8
E92000001,England,nation,2023-04-02,V-22JUL-01 (Omicron BA.2.75),2419823.0,1.1
E92000001,England,nation,2023-04-02,V-22OCT-01 (Omicron BQ.1),2419823.0,3.4
E92000001,England,nation,2023-04-02,V-22OCT-02 (Omicron XBB),2419823.0,30.0
E92000001,England,nation,2023-04-02,V-23APR-01 (Omicron XBB.1.16),2419823.0,2.3
E92000001,England,nation,2023-04-02,V-23AUG-01 (Omicron BA.2.86),0.0,0.0
E92000001,England,nation,2023-04-02,V-23JAN-01 (Omicron XBB.1.5),2419823.0,53.2
E92000001,England,nation,2023-04-02,V-23JUL-01 (Omicron EG.5.1),0.0,0.0
E92000001,England,nation,2023-04-02,VOC-21NOV-01 (Omicron BA.1),0.0,0.0
E92000001,England,nation,2023-04-02,VOC-22APR-03 (Omicron BA.4),0.0,0.0
E92000001,England,nation,2023-04-02,VOC-22APR-04 (Omicron BA.5),2419823.0,0.5
E92000001,England,nation,2023-04-02,VOC-22JAN-01 (Omicron BA.2),2419823.0,0.7
E92000001,England,nation,2023-03-26,Other,2418555.0,0.3
E92000001,England,nation,2023-03-26,V-20DEC-01 (Alpha),0.0,0.0
E92000001,England,nation,2023-03-26,V-21APR-02 (Delta B.1.617.2),0.0,0.0
E92000001,England,nation,2023-03-26,V-21OCT-01 (Delta AY 4.2),0.0,0.0
E92000001,England,nation,2023-03-26,V-22DEC-01 (Omicron CH.1.1),2418555.0,10.5
E92000001,England,nation,2023-03-26,V-22JUL-01 (Omicron BA.2.75),2418555.0,1.3
E92000001,England,nation,2023-03-26,V-22OCT-01 (Omicron BQ.1),2418555.0,4.6
E92000001,England,nation,2023-03-26,V-22OCT-02 (Omicron XBB),2418555.0,25.4
E92000001,England,nation,2023-03-26,V-23APR-01 (Omicron XBB.1.16),2418555.0,1.1
E92000001,England,nation,2023-03-26,V-23AUG-01 (Omicron BA.2.86),0.0,0.0
E92000001,England,nation,2023-03-26,V-23JAN-01 (Omicron XBB.1.5),2418555.0,55.4
E92000001,England,nation,2023-03-26,V-23JUL-01 (Omicron EG.5.1),0.0,0.0
E92000001,England,nation,2023-03-26,VOC-21NOV-01 (Omicron BA.1),0.0,0.0
E92000001,England,nation,2023-03-26,VOC-22APR-03 (Omicron BA.4),0.0,0.0
E92000001,England,nation,2023-03-26,VOC-22APR-04 (Omicron BA.5),2418555.0,0.4
E92000001,England,nation,2023-03-26,VOC-22JAN-01 (Omicron BA.2),2418555.0,1.0
E92000001,England,nation,2023-03-19,Other,2416369.0,0.2
E92000001,England,nation,2023-03-19,V-20DEC-01 (Alpha),0.0,0.0
E92000001,England,nation,2023-03-19,V-21APR-02 (Delta B.1.617.2),0.0,0.0
E92000001,England,nation,2023-03-19,V-21OCT-01 (Delta AY 4.2),0.0,0.0
E92000001,England,nation,2023-03-19,V-22DEC-01 (Omicron CH.1.1),2416369.0,9.7
E92000001,England,nation,2023-03-19,V-22JUL-01 (Omicron BA.2.75),2416369.0,1.5
E92000001,England,nation,2023-03-19,V-22OCT-01 (Omicron BQ.1),2416369.0,6.8
E92000001,England,nation,2023-03-19,V-22OCT-02 (Omicron XBB),2416369.0,25.7
E92000001,England,nation,2023-03-19,V-23APR-01 (Omicron XBB.1.16),2416369.0,0.4
E92000001,England,nation,2023-03-19,V-23AUG-01 (Omicron BA.2.86),0.0,0.0
E92000001,England,nation,2023-03-19,V-23JAN-01 (Omicron XBB.1.5),2416369.0,54.4
E92000001,England,nation,2023-03-19,V-23JUL-01 (Omicron EG.5.1),0.0,0.0
E92000001,England,nation,2023-03-19,VOC-21NOV-01 (Omicron BA.1),0.0,0.0
E92000001,England,nation,2023-03-19,VOC-22APR-03 (Omicron BA.4),0.0,0.0
E92000001,England,nation,2023-03-19,VOC-22APR-04 (Omicron BA.5),2416369.0,0.5
E92000001,England,nation,2023-03-19,VOC-22JAN-01 (Omicron BA.2),2416369.0,1.0
E92000001,England,nation,2023-03-12,Other,2412953.0,0.2
E92000001,England,nation,2023-03-12,V-20DEC-01 (Alpha),0.0,0.0
E92000001,England,nation,2023-03-12,V-21APR-02 (Delta B.1.617.2),0.0,0.0
E92000001,England,nation,2023-03-12,V-21OCT-01 (Delta AY 4.2),0.0,0.0
E92000001,England,nation,2023-03-12,V-22DEC-01 (Omicron CH.1.1),2412953.0,13.4
E92000001,England,nation,2023-03-12,V-22JUL-01 (Omicron BA.2.75),2412953.0,1.4
E92000001,England,nation,2023-03-12,V-22OCT-01 (Omicron BQ.1),2412953.0,7.5
E92000001,England,nation,2023-03-12,V-22OCT-02 (Omicron XBB),2412953.0,22.0
E92000001,England,nation,2023-03-12,V-23APR-01 (Omicron XBB.1.16),2412953.0,0.7
E92000001,England,nation,2023-03-12,V-23AUG-01 (Omicron BA.2.86),0.0,0.0
E92000001,England,nation,2023-03-12,V-23JAN-01 (Omicron XBB.1.5),2412953.0,53.1
E92000001,England,nation,2023-03-12,V-23JUL-01 (Omicron EG.5.1),0.0,0.0
E92000001,England,nation,2023-03-12,VOC-21NOV-01 (Omicron BA.1),0.0,0.0
E92000001,England,nation,2023-03-12,VOC-22APR-03 (Omicron BA.4),0.0,0.0
E92000001,England,nation,2023-03-12,VOC-22APR-04 (Omicron BA.5),2412953.0,0.6
E92000001,England,nation,2023-03-12,VOC-22JAN-01 (Omicron BA.2),2412953.0,1.2
E92000001,England,nation,2023-03-05,Other,2409197.0,0.3
E92000001,England,nation,2023-03-05,V-20DEC-01 (Alpha),0.0,0.0
E92000001,England,nation,2023-03-05,V-21APR-02 (Delta B.1.617.2),0.0,0.0
E92000001,England,nation,2023-03-05,V-21OCT-01 (Delta AY 4.2),0.0,0.0
E92000001,England,nation,2023-03-05,V-22DEC-01 (Omicron CH.1.1),2409197.0,14.8
E92000001,England,nation,2023-03-05,V-22JUL-01 (Omicron BA.2.75),2409197.0,1.2
E92000001,England,nation,2023-03-05,V-22OCT-01 (Omicron BQ.1),2409197.0,9.5
E92000001,England,nation,2023-03-05,V-22OCT-02 (Omicron XBB),2409197.0,20.9
E92000001,England,nation,2023-03-05,V-23APR-01 (Omicron XBB.1.16),2409197.0,0.3
E92000001,England,nation,2023-03-05,V-23AUG-01 (Omicron BA.2.86),0.0,0.0
E92000001,England,nation,2023-03-05,V-23JAN-01 (Omicron XBB.1.5),2409197.0,50.5
E92000001,England,nation,2023-03-05,V-23JUL-01 (Omicron EG.5.1),0.0,0.0
E92000001,England,nation,2023-03-05,VOC-21NOV-01 (Omicron BA.1),0.0,0.0
E92000001,England,nation,2023-03-05,VOC-22APR-03 (Omicron BA.4),0.0,0.0
E92000001,England,nation,2023-03-05,VOC-22APR-04 (Omicron BA.5),2409197.0,0.7
E92000001,England,nation,2023-03-05,VOC-22JAN-01 (Omicron BA.2),2409197.0,1.8
E92000001,England,nation,2023-02-26,Other,2405172.0,0.3
E92000001,England,nation,2023-02-26,V-20DEC-01 (Alpha),0.0,0.0
E92000001,England,nation,2023-02-26,V-21APR-02 (Delta B.1.617.2),0.0,0.0
E92000001,England,nation,2023-02-26,V-21OCT-01 (Delta AY 4.2),0.0,0.0
E92000001,England,nation,2023-02-26,V-22DEC-01 (Omicron CH.1.1),2405172.0,21.4
E92000001,England,nation,2023-02-26,V-22JUL-01 (Omicron BA.2.75),2405172.0,1.0
E92000001,England,nation,2023-02-26,V-22OCT-01 (Omicron BQ.1),2405172.0,10.7
E92000001,England,nation,2023-02-26,V-22OCT-02 (Omicron XBB),2405172.0,17.9
E92000001,England,nation,2023-02-26,V-23APR-01 (Omicron XBB.1.16),2405172.0,0.3
E92000001,England,nation,2023-02-26,V-23AUG-01 (Omicron BA.2.86),0.0,0.0
E92000001,England,nation,2023-02-26,V-23JAN-01 (Omicron XBB.1.5),2405172.0,45.9
E92000001,England,nation,2023-02-26,V-23JUL-01 (Omicron EG.5.1),2405172.0,0.0
E92000001,England,nation,2023-02-26,VOC-21NOV-01 (Omicron BA.1),0.0,0.0
E92000001,England,nation,2023-02-26,VOC-22APR-03 (Omicron BA.4),0.0,0.0
E92000001,England,nation,2023-02-26,VOC-22APR-04 (Omicron BA.5),2405172.0,1.1
E92000001,England,nation,2023-02-26,VOC-22JAN-01 (Omicron BA.2),2405172.0,1.4
E92000001,England,nation,2023-02-19,Other,2400839.0,0.3
E92000001,England,nation,2023-02-19,V-20DEC-01 (Alpha),0.0,0.0
E92000001,England,nation,2023-02-19,V-21APR-02 (Delta B.1.617.2),0.0,0.0
E92000001,England,nation,2023-02-19,V-21OCT-01 (Delta AY 4.2),0.0,0.0
E92000001,England,nation,2023-02-19,V-22DEC-01 (Omicron CH.1.1),2400839.0,22.0
E92000001,England,nation,2023-02-19,V-22JUL-01 (Omicron BA.2.75),2400839.0,1.6
E92000001,England,nation,2023-02-19,V-22OCT-01 (Omicron BQ.1),2400839.0,16.2
E92000001,England,nation,2023-02-19,V-22OCT-02 (Omicron XBB),2400839.0,12.4
E92000001,England,nation,2023-02-19,V-23APR-01 (Omicron XBB.1.16),2400839.0,0.1
E92000001,England,nation,2023-02-19,V-23AUG-01 (Omicron BA.2.86),0.0,0.0
E92000001,England,nation,2023-02-19,V-23JAN-01 (Omicron XBB.1.5),2400839.0,44.8
E92000001,England,nation,2023-02-19,V-23JUL-01 (Omicron EG.5.1),0.0,0.0
E92000001,England,nation,2023-02-19,VOC-21NOV-01 (Omicron BA.1),0.0,0.0
E92000001,England,nation,2023-02-19,VOC-22APR-03 (Omicron BA.4),0.0,0.0
E92000001,England,nation,2023-02-19,VOC-22APR-04 (Omicron BA.5),2400839.0,1.1
E92000001,England,nation,2023-02-19,VOC-22JAN-01 (Omicron BA.2),2400839.0,1.5
E92000001,England,nation,2023-02-12,Other,2396381.0,0.4
E92000001,England,nation,2023-02-12,V-20DEC-01 (Alpha),0.0,0.0
E92000001,England,nation,2023-02-12,V-21APR-02 (Delta B.1.617.2),0.0,0.0
E92000001,England,nation,2023-02-12,V-21OCT-01 (Delta AY 4.2),0.0,0.0
E92000001,England,nation,2023-02-12,V-22DEC-01 (Omicron CH.1.1),2396381.0,23.4
E92000001,England,nation,2023-02-12,V-22JUL-01 (Omicron BA.2.75),2396381.0,2.7
E92000001,England,nation,2023-02-12,V-22OCT-01 (Omicron BQ.1),2396381.0,22.5
E92000001,England,nation,2023-02-12,V-22OCT-02 (Omicron XBB),2396381.0,10.2
E92000001,England,nation,2023-02-12,V-23APR-01 (Omicron XBB.1.16),2396381.0,0.0
E92000001,England,nation,2023-02-12,V-23AUG-01 (Omicron BA.2.86),0.0,0.0
E92000001,England,nation,2023-02-12,V-23JAN-01 (Omicron XBB.1.5),2396381.0,37.8
E92000001,England,nation,2023-02-12,V-23JUL-01 (Omicron EG.5.1),0.0,0.0
E92000001,England,nation,2023-02-12,VOC-21NOV-01 (Omicron BA.1),0.0,0.0
E92000001,England,nation,2023-02-12,VOC-22APR-03 (Omicron BA.4),0.0,0.0
E92000001,England,nation,2023-02-12,VOC-22APR-04 (Omicron BA.5),2396381.0,1.6
E92000001,England,nation,2023-02-12,VOC-22JAN-01 (Omicron BA.2),2396381.0,1.4
E92000001,England,nation,2023-02-05,Other,2391826.0,0.6
E92000001,England,nation,2023-02-05,V-20DEC-01 (Alpha),0.0,0.0
E92000001,England,nation,2023-02-05,V-21APR-02 (Delta B.1.617.2),0.0,0.0
E92000001,England,nation,2023-02-05,V-21OCT-01 (Delta AY 4.2),0.0,0.0
E92000001,England,nation,2023-02-05,V-22DEC-01 (Omicron CH.1.1),2391826.0,27.1
E92000001,England,nation,2023-02-05,V-22JUL-01 (Omicron BA.2.75),2391826.0,2.8
E92000001,England,nation,2023-02-05,V-22OCT-01 (Omicron BQ.1),2391826.0,22.0
E92000001,England,nation,2023-02-05,V-22OCT-02 (Omicron XBB),2391826.0,9.6
E92000001,England,nation,2023-02-05,V-23APR-01 (Omicron XBB.1.16),0.0,0.0
E92000001,England,nation,2023-02-05,V-23AUG-01 (Omicron BA.2.86),0.0,0.0
E92000001,England,nation,2023-02-05,V-23JAN-01 (Omicron XBB.1.5),2391826.0,33.7
E92000001,England,nation,2023-02-05,V-23JUL-01 (Omicron EG.5.1),0.0,0.0
E92000001,England,nation,2023-02-05,VOC-21NOV-01 (Omicron BA.1),0.0,0.0
E92000001,England,nation,2023-02-05,VOC-22APR-03 (Omicron BA.4),2391826.0,0.1
E92000001,England,nation,2023-02-05,VOC-22APR-04 (Omicron BA.5),2391826.0,2.3
E92000001,England,nation,2023-02-05,VOC-22JAN-01 (Omicron BA.2),2391826.0,1.8
E92000001,England,nation,2023-01-29,Other,2387824.0,0.3
E92000001,England,nation,2023-01-29,V-20DEC-01 (Alpha),0.0,0.0
E92000001,England,nation,2023-01-29,V-21APR-02 (Delta B.1.617.2),0.0,0.0
E92000001,England,nation,2023-01-29,V-21OCT-01 (Delta AY 4.2),0.0,0.0
E92000001,England,nation,2023-01-29,V-22DEC-01 (Omicron CH.1.1),2387824.0,26.6
E92000001,England,nation,2023-01-29,V-22JUL-01 (Omicron BA.2.75),2387824.0,2.9
E92000001,England,nation,2023-01-29,V-22OCT-01 (Omicron BQ.1),2387824.0,34.6
E92000001,England,nation,2023-01-29,V-22OCT-02 (Omicron XBB),2387824.0,5.8
E92000001,England,nation,2023-01-29,V-23APR-01 (Omicron XBB.1.16),0.0,0.0
E92000001,England,nation,2023-01-29,V-23AUG-01 (Omicron BA.2.86),0.0,0.0
E92000001,England,nation,2023-01-29,V-23JAN-01 (Omicron XBB.1.5),2387824.0,24.8
E92000001,England,nation,2023-01-29,V-23JUL-01 (Omicron EG.5.1),0.0,0.0
E92000001,England,nation,2023-01-29,VOC-21NOV-01 (Omicron BA.1),0.0,0.0
E92000001,England,nation,2023-01-29,VOC-22APR-03 (Omicron BA.4),0.0,0.0
E92000001,England,nation,2023-01-29,VOC-22APR-04 (Omicron BA.5),2387824.0,3.3
E92000001,England,nation,2023-01-29,VOC-22JAN-01 (Omicron BA.2),2387824.0,1.7
E92000001,England,nation,2023-01-22,Other,2384170.0,0.8
E92000001,England,nation,2023-01-22,V-20DEC-01 (Alpha),0.0,0.0
E92000001,England,nation,2023-01-22,V-21APR-02 (Delta B.1.617.2),0.0,0.0
E92000001,England,nation,2023-01-22,V-21OCT-01 (Delta AY 4.2),0.0,0.0
E92000001,England,nation,2023-01-22,V-22DEC-01 (Omicron CH.1.1),2384170.0,30.3
E92000001,England,nation,2023-01-22,V-22JUL-01 (Omicron BA.2.75),2384170.0,4.8
E92000001,England,nation,2023-01-22,V-22OCT-01 (Omicron BQ.1),2384170.0,37.0
E92000001,England,nation,2023-01-22,V-22OCT-02 (Omicron XBB),2384170.0,4.2
E92000001,England,nation,2023-01-22,V-23APR-01 (Omicron XBB.1.16),2384170.0,0.0
E92000001,England,nation,2023-01-22,V-23AUG-01 (Omicron BA.2.86),0.0,0.0
E92000001,England,nation,2023-01-22,V-23JAN-01 (Omicron XBB.1.5),2384170.0,16.8
E92000001,England,nation,2023-01-22,V-23JUL-01 (Omicron EG.5.1),0.0,0.0
E92000001,England,nation,2023-01-22,VOC-21NOV-01 (Omicron BA.1),0.0,0.0
E92000001,England,nation,2023-01-22,VOC-22APR-03 (Omicron BA.4),0.0,0.0
E92000001,England,nation,2023-01-22,VOC-22APR-04 (Omicron BA.5),2384170.0,3.9
E92000001,England,nation,2023-01-22,VOC-22JAN-01 (Omicron BA.2),2384170.0,2.1
E92000001,England,nation,2023-01-15,Other,2381360.0,0.8
E92000001,England,nation,2023-01-15,V-20DEC-01 (Alpha),0.0,0.0
E92000001,England,nation,2023-01-15,V-21APR-02 (Delta B.1.617.2),0.0,0.0
E92000001,England,nation,2023-01-15,V-21OCT-01 (Delta AY 4.2),0.0,0.0
E92000001,England,nation,2023-01-15,V-22DEC-01 (Omicron CH.1.1),2381360.0,25.7
E92000001,England,nation,2023-01-15,V-22JUL-01 (Omicron BA.2.75),2381360.0,5.5
E92000001,England,nation,2023-01-15,V-22OCT-01 (Omicron BQ.1),2381360.0,43.5
E92000001,England,nation,2023-01-15,V-22OCT-02 (Omicron XBB),2381360.0,4.9
E92000001,England,nation,2023-01-15,V-23APR-01 (Omicron XBB.1.16),0.0,0.0
E92000001,England,nation,2023-01-15,V-23AUG-01 (Omicron BA.2.86),0.0,0.0
E92000001,England,nation,2023-01-15,V-23JAN-01 (Omicron XBB.1.5),2381360.0,12.7
E92000001,England,nation,2023-01-15,V-23JUL-01 (Omicron EG.5.1),0.0,0.0
E92000001,England,nation,2023-01-15,VOC-21NOV-01 (Omicron BA.1),0.0,0.0
E92000001,England,nation,2023-01-15,VOC-22APR-03 (Omicron BA.4),0.0,0.0
E92000001,England,nation,2023-01-15,VOC-22APR-04 (Omicron BA.5),2381360.0,5.0
E92000001,England,nation,2023-01-15,VOC-22JAN-01 (Omicron BA.2),2381360.0,1.9
E92000001,England,nation,2023-01-08,Other,2379183.0,1.8
E92000001,England,nation,2023-01-08,V-20DEC-01 (Alpha),0.0,0.0
E92000001,England,nation,2023-01-08,V-21APR-02 (Delta B.1.617.2),0.0,0.0
E92000001,England,nation,2023-01-08,V-21OCT-01 (Delta AY 4.2),0.0,0.0
E92000001,England,nation,2023-01-08,V-22DEC-01 (Omicron CH.1.1),2379183.0,24.7
E92000001,England,nation,2023-01-08,V-22JUL-01 (Omicron BA.2.75),2379183.0,6.4
E92000001,England,nation,2023-01-08,V-22OCT-01 (Omicron BQ.1),2379183.0,49.9
E92000001,England,nation,2023-01-08,V-22OCT-02 (Omicron XBB),2379183.0,2.8
E92000001,England,nation,2023-01-08,V-23APR-01 (Omicron XBB.1.16),0.0,0.0
E92000001,England,nation,2023-01-08,V-23AUG-01 (Omicron BA.2.86),0.0,0.0
E92000001,England,nation,2023-01-08,V-23JAN-01 (Omicron XBB.1.5),2379183.0,8.1
E92000001,England,nation,2023-01-08,V-23JUL-01 (Omicron EG.5.1),2379183.0,0.0
E92000001,England,nation,2023-01-08,VOC-21NOV-01 (Omicron BA.1),2379183.0,0.0
E92000001,England,nation,2023-01-08,VOC-22APR-03 (Omicron BA.4),0.0,0.0
E92000001,England,nation,2023-01-08,VOC-22APR-04 (Omicron BA.5),2379183.0,4.5
E92000001,England,nation,2023-01-08,VOC-22JAN-01 (Omicron BA.2),2379183.0,1.7
E92000001,England,nation,2023-01-01,Other,2376274.0,1.3
E92000001,England,nation,2023-01-01,V-20DEC-01 (Alpha),0.0,0.0
E92000001,England,nation,2023-01-01,V-21APR-02 (Delta B.1.617.2),0.0,0.0
E92000001,England,nation,2023-01-01,V-21OCT-01 (Delta AY 4.2),0.0,0.0
E92000001,England,nation,2023-01-01,V-22DEC-01 (Omicron CH.1.1),2376274.0,24.1
E92000001,England,nation,2023-01-01,V-22JUL-01 (Omicron BA.2.75),2376274.0,8.7
E92000001,England,nation,2023-01-01,V-22OCT-01 (Omicron BQ.1),2376274.0,50.0
E92000001,England,nation,2023-01-01,V-22OCT-02 (Omicron XBB),2376274.0,3.3
E92000001,England,nation,2023-01-01,V-23APR-01 (Omicron XBB.1.16),2376274.0,0.0
E92000001,England,nation,2023-01-01,V-23AUG-01 (Omicron BA.2.86),0.0,0.0
E92000001,England,nation,2023-01-01,V-23JAN-01 (Omicron XBB.1.5),2376274.0,5.7
E92000001,England,nation,2023-01-01,V-23JUL-01 (Omicron EG.5.1),0.0,0.0
E92000001,England,nation,2023-01-01,VOC-21NOV-01 (Omicron BA.1),2376274.0,0.0
E92000001,England,nation,2023-01-01,VOC-22APR-03 (Omicron BA.4),2376274.0,0.1
E92000001,England,nation,2023-01-01,VOC-22APR-04 (Omicron BA.5),2376274.0,5.6
E92000001,England,nation,2023-01-01,VOC-22JAN-01 (Omicron BA.2),2376274.0,1.2
E92000001,England,nation,2022-12-25,Other,2370938.0,1.0
E92000001,England,nation,2022-12-25,V-20DEC-01 (Alpha),0.0,0.0
E92000001,England,nation,2022-12-25,V-21APR-02 (Delta B.1.617.2),2370938.0,0.0
E92000001,England,nation,2022-12-25,V-21OCT-01 (Delta AY 4.2),0.0,0.0
E92000001,England,nation,2022-12-25,V-22DEC-01 (Omicron CH.1.1),2370938.0,21.2
E92000001,England,nation,2022-12-25,V-22JUL-01 (Omicron BA.2.75),2370938.0,7.7
E92000001,England,nation,2022-12-25,V-22OCT-01 (Omicron BQ.1),2370938.0,52.6
E92000001,England,nation,2022-12-25,V-22OCT-02 (Omicron XBB),2370938.0,4.1
E92000001,England,nation,2022-12-25,V-23APR-01 (Omicron XBB.1.16),0.0,0.0
E92000001,England,nation,2022-12-25,V-23AUG-01 (Omicron BA.2.86),0.0,0.0
E92000001,England,nation,2022-12-25,V-23JAN-01 (Omicron XBB.1.5),2370938.0,4.7
E92000001,England,nation,2022-12-25,V-23JUL-01 (Omicron EG.5.1),0.0,0.0
E92000001,England,nation,2022-12-25,VOC-21NOV-01 (Omicron BA.1),0.0,0.0
E92000001,England,nation,2022-12-25,VOC-22APR-03 (Omicron BA.4),2370938.0,0.1
E92000001,England,nation,2022-12-25,VOC-22APR-04 (Omicron BA.5),2370938.0,7.5
E92000001,England,nation,2022-12-25,VOC-22JAN-01 (Omicron BA.2),2370938.0,1.2
E92000001,England,nation,2022-12-18,Other,2364602.0,1.4
E92000001,England,nation,2022-12-18,V-20DEC-01 (Alpha),0.0,0.0
E92000001,England,nation,2022-12-18,V-21APR-02 (Delta B.1.617.2),0.0,0.0
E92000001,England,nation,2022-12-18,V-21OCT-01 (Delta AY 4.2),0.0,0.0
E92000001,England,nation,2022-12-18,V-22DEC-01 (Omicron CH.1.1),2364602.0,16.6
E92000001,England,nation,2022-12-18,V-22JUL-01 (Omicron BA.2.75),2364602.0,6.7
E92000001,England,nation,2022-12-18,V-22OCT-01 (Omicron BQ.1),2364602.0,58.8
E92000001,England,nation,2022-12-18,V-22OCT-02 (Omicron XBB),2364602.0,4.3
E92000001,England,nation,2022-12-18,V-23APR-01 (Omicron XBB.1.16),0.0,0.0
E92000001,England,nation,2022-12-18,V-23AUG-01 (Omicron BA.2.86),0.0,0.0
E92000001,England,nation,2022-12-18,V-23JAN-01 (Omicron XBB.1.5),2364602.0,2.0
E92000001,England,nation,2022-12-18,V-23JUL-01 (Omicron EG.5.1),0.0,0.0
E92000001,England,nation,2022-12-18,VOC-21NOV-01 (Omicron BA.1),2364602.0,0.0
E92000001,England,nation,2022-12-18,VOC-22APR-03 (Omicron BA.4),2364602.0,0.0
E92000001,England,nation,2022-12-18,VOC-22APR-04 (Omicron BA.5),2364602.0,9.5
E92000001,England,nation,2022-12-18,VOC-22JAN-01 (Omicron BA.2),2364602.0,0.7
E92000001,England,nation,2022-12-11,Other,2357501.0,1.5
E92000001,England,nation,2022-12-11,V-20DEC-01 (Alpha),0.0,0.0
E92000001,England,nation,2022-12-11,V-21APR-02 (Delta B.1.617.2),0.0,0.0
E92000001,England,nation,2022-12-11,V-21OCT-01 (Delta AY 4.2),0.0,0.0
E92000001,England,nation,2022-12-11,V-22DEC-01 (Omicron CH.1.1),2357501.0,13.1
E92000001,England,nation,2022-12-11,V-22JUL-01 (Omicron BA.2.75),2357501.0,7.8
E92000001,England,nation,2022-12-11,V-22OCT-01 (Omicron BQ.1),2357501.0,60.7
E92000001,England,nation,2022-12-11,V-22OCT-02 (Omicron XBB),2357501.0,5.0
E92000001,England,nation,2022-12-11,V-23APR-01 (Omicron XBB.1.16),0.0,0.0
E92000001,England,nation,2022-12-11,V-23AUG-01 (Omicron BA.2.86),0.0,0.0
E92000001,England,nation,2022-12-11,V-23JAN-01 (Omicron XBB.1.5),2357501.0,1.0
E92000001,England,nation,2022-12-11,V-23JUL-01 (Omicron EG.5.1),0.0,0.0
E92000001,England,nation,2022-12-11,VOC-21NOV-01 (Omicron BA.1),2357501.0,0.0
E92000001,England,nation,2022-12-11,VOC-22APR-03 (Omicron BA.4),2357501.0,0.1
E92000001,England,nation,2022-12-11,VOC-22APR-04 (Omicron BA.5),2357501.0,10.1
E92000001,England,nation,2022-12-11,VOC-22JAN-01 (Omicron BA.2),2357501.0,0.8
E92000001,England,nation,2022-12-04,Other,2351165.0,1.3
E92000001,England,nation,2022-12-04,V-20DEC-01 (Alpha),0.0,0.0
E92000001,England,nation,2022-12-04,V-21APR-02 (Delta B.1.617.2),0.0,0.0
E92000001,England,nation,2022-12-04,V-21OCT-01 (Delta AY 4.2),0.0,0.0
E92000001,England,nation,2022-12-04,V-22DEC-01 (Omicron CH.1.1),2351165.0,9.9
E92000001,England,nation,2022-12-04,V-22JUL-01 (Omicron BA.2.75),2351165.0,9.4
E92000001,England,nation,2022-12-04,V-22OCT-01 (Omicron BQ.1),2351165.0,60.2
E92000001,England,nation,2022-12-04,V-22OCT-02 (Omicron XBB),2351165.0,4.4
E92000001,England,nation,2022-12-04,V-23APR-01 (Omicron XBB.1.16),0.0,0.0
E92000001,England,nation,2022-12-04,V-23AUG-01 (Omicron BA.2.86),0.0,0.0
E92000001,England,nation,2022-12-04,V-23JAN-01 (Omicron XBB.1.5),2351165.0,0.4
E92000001,England,nation,2022-12-04,V-23JUL-01 (Omicron EG.5.1),0.0,0.0
E92000001,England,nation,2022-12-04,VOC-21NOV-01 (Omicron BA.1),2351165.0,0.0
E92000001,England,nation,2022-12-04,VOC-22APR-03 (Omicron BA.4),0.0,0.0
E92000001,England,nation,2022-12-04,VOC-22APR-04 (Omicron BA.5),2351165.0,13.8
E92000001,England,nation,2022-12-04,VOC-22JAN-01 (Omicron BA.2),2351165.0,0.5
E92000001,England,nation,2022-11-27,Other,2346653.0,1.5
E92000001,England,nation,2022-11-27,V-20DEC-01 (Alpha),0.0,0.0
E92000001,England,nation,2022-11-27,V-21APR-02 (Delta B.1.617.2),0.0,0.0
E92000001,England,nation,2022-11-27,V-21OCT-01 (Delta AY 4.2),0.0,0.0
E92000001,England,nation,2022-11-27,V-22DEC-01 (Omicron CH.1.1),2346653.0,7.0
E92000001,England,nation,2022-11-27,V-22JUL-01 (Omicron BA.2.75),2346653.0,9.5
E92000001,England,nation,2022-11-27,V-22OCT-01 (Omicron BQ.1),2346653.0,59.6
E92000001,England,nation,2022-11-27,V-22OCT-02 (Omicron XBB),2346653.0,4.6
E92000001,England,nation,2022-11-27,V-23APR-01 (Omicron XBB.1.16),0.0,0.0
E92000001,England,nation,2022-11-27,V-23AUG-01 (Omicron BA.2.86),0.0,0.0
E92000001,England,nation,2022-11-27,V-23JAN-01 (Omicron XBB.1.5),2346653.0,0.2
E92000001,England,nation,2022-11-27,V-23JUL-01 (Omicron EG.5.1),0.0,0.0
E92000001,England,nation,2022-11-27,VOC-21NOV-01 (Omicron BA.1),0.0,0.0
E92000001,England,nation,2022-11-27,VOC-22APR-03 (Omicron BA.4),2346653.0,0.0
E92000001,England,nation,2022-11-27,VOC-22APR-04 (Omicron BA.5),2346653.0,17.0
E92000001,England,nation,2022-11-27,VOC-22JAN-01 (Omicron BA.2),2346653.0,0.5
E92000001,England,nation,2022-11-20,Other,2342995.0,2.4
E92000001,England,nation,2022-11-20,V-20DEC-01 (Alpha),0.0,0.0
E92000001,England,nation,2022-11-20,V-21APR-02 (Delta B.1.617.2),0.0,0.0
E92000001,England,nation,2022-11-20,V-21OCT-01 (Delta AY 4.2),0.0,0.0
E92000001,England,nation,2022-11-20,V-22DEC-01 (Omicron CH.1.1),2342995.0,6.3
E92000001,England,nation,2022-11-20,V-22JUL-01 (Omicron BA.2.75),2342995.0,9.6
E92000001,England,nation,2022-11-20,V-22OCT-01 (Omicron BQ.1),2342995.0,55.2
E92000001,England,nation,2022-11-20,V-22OCT-02 (Omicron XBB),2342995.0,4.8
E92000001,England,nation,2022-11-20,V-23APR-01 (Omicron XBB.1.16),0.0,0.0
E92000001,England,nation,2022-11-20,V-23AUG-01 (Omicron BA.2.86),0.0,0.0
E92000001,England,nation,2022-11-20,V-23JAN-01 (Omicron XBB.1.5),2342995.0,0.1
E92000001,England,nation,2022-11-20,V-23JUL-01 (Omicron EG.5.1),0.0,0.0
E92000001,England,nation,2022-11-20,VOC-21NOV-01 (Omicron BA.1),2342995.0,0.0
E92000001,England,nation,2022-11-20,VOC-22APR-03 (Omicron BA.4),2342995.0,0.1
E92000001,England,nation,2022-11-20,VOC-22APR-04 (Omicron BA.5),2342995.0,21.0
E92000001,England,nation,2022-11-20,VOC-22JAN-01 (Omicron BA.2),2342995.0,0.6
E92000001,England,nation,2022-11-13,Other,2340189.0,2.4
E92000001,England,nation,2022-11-13,V-20DEC-01 (Alpha),0.0,0.0
E92000001,England,nation,2022-11-13,V-21APR-02 (Delta B.1.617.2),0.0,0.0
E92000001,England,nation,2022-11-13,V-21OCT-01 (Delta AY 4.2),0.0,0.0
E92000001,England,nation,2022-11-13,V-22DEC-01 (Omicron CH.1.1),2340189.0,2.9
E92000001,England,nation,2022-11-13,V-22JUL-01 (Omicron BA.2.75),2340189.0,9.3
E92000001,England,nation,2022-11-13,V-22OCT-01 (Omicron BQ.1),2340189.0,53.0
E92000001,England,nation,2022-11-13,V-22OCT-02 (Omicron XBB),2340189.0,3.4
E92000001,England,nation,2022-11-13,V-23APR-01 (Omicron XBB.1.16),0.0,0.0
E92000001,England,nation,2022-11-13,V-23AUG-01 (Omicron BA.2.86),0.0,0.0
E92000001,England,nation,2022-11-13,V-23JAN-01 (Omicron XBB.1.5),2340189.0,0.0
E92000001,England,nation,2022-11-13,V-23JUL-01 (Omicron EG.5.1),0.0,0.0
E92000001,England,nation,2022-11-13,VOC-21NOV-01 (Omicron BA.1),0.0,0.0
E92000001,England,nation,2022-11-13,VOC-22APR-03 (Omicron BA.4),2340189.0,0.0
E92000001,England,nation,2022-11-13,VOC-22APR-04 (Omicron BA.5),2340189.0,28.8
E92000001,England,nation,2022-11-13,VOC-22JAN-01 (Omicron BA.2),2340189.0,0.1
E92000001,England,nation,2022-11-06,Other,2337767.0,2.6
E92000001,England,nation,2022-11-06,V-20DEC-01 (Alpha),0.0,0.0
E92000001,England,nation,2022-11-06,V-21APR-02 (Delta B.1.617.2),0.0,0.0
E92000001,England,nation,2022-11-06,V-21OCT-01 (Delta AY 4.2),0.0,0.0
E92000001,England,nation,2022-11-06,V-22DEC-01 (Omicron CH.1.1),2337767.0,1.7
E92000001,England,nation,2022-11-06,V-22JUL-01 (Omicron BA.2.75),2337767.0,10.9
E92000001,England,nation,2022-11-06,V-22OCT-01 (Omicron BQ.1),2337767.0,46.8
E92000001,England,nation,2022-11-06,V-22OCT-02 (Omicron XBB),2337767.0,3.5
E92000001,England,nation,2022-11-06,V-23APR-01 (Omicron XBB.1.16),0.0,0.0
E92000001,England,nation,2022-11-06,V-23AUG-01 (Omicron BA.2.86),0.0,0.0
E92000001,England,nation,2022-11-06,V-23JAN-01 (Omicron XBB.1.5),0.0,0.0
E92000001,England,nation,2022-11-06,V-23JUL-01 (Omicron EG.5.1),0.0,0.0
E92000001,England,nation,2022-11-06,VOC-21NOV-01 (Omicron BA.1),0.0,0.0
E92000001,England,nation,2022-11-06,VOC-22APR-03 (Omicron BA.4),2337767.0,0.2
E92000001,England,nation,2022-11-06,VOC-22APR-04 (Omicron BA.5),2337767.0,33.9
E92000001,England,nation,2022-11-06,VOC-22JAN-01 (Omicron BA.2),2337767.0,0.5
E92000001,England,nation,2022-10-30,Other,2335309.0,3.3
E92000001,England,nation,2022-10-30,V-20DEC-01 (Alpha),0.0,0.0
E92000001,England,nation,2022-10-30,V-21APR-02 (Delta B.1.617.2),2335309.0,0.0
E92000001,England,nation,2022-10-30,V-21OCT-01 (Delta AY 4.2),0.0,0.0
E92000001,England,nation,2022-10-30,V-22DEC-01 (Omicron CH.1.1),2335309.0,0.8
E92000001,England,nation,2022-10-30,V-22JUL-01 (Omicron BA.2.75),2335309.0,7.9
E92000001,England,nation,2022-10-30,V-22OCT-01 (Omicron BQ.1),2335309.0,39.5
E92000001,England,nation,2022-10-30,V-22OCT-02 (Omicron XBB),2335309.0,2.1
E92000001,England,nation,2022-10-30,V-23APR-01 (Omicron XBB.1.16),0.0,0.0
E92000001,England,nation,2022-10-30,V-23AUG-01 (Omicron BA.2.86),0.0,0.0
E92000001,England,nation,2022-10-30,V-23JAN-01 (Omicron XBB.1.5),2335309.0,0.1
E92000001,England,nation,2022-10-30,V-23JUL-01 (Omicron EG.5.1),0.0,0.0
E92000001,England,nation,2022-10-30,VOC-21NOV-01 (Omicron BA.1),2335309.0,0.0
E92000001,England,nation,2022-10-30,VOC-22APR-03 (Omicron BA.4),2335309.0,0.1
E92000001,England,nation,2022-10-30,VOC-22APR-04 (Omicron BA.5),2335309.0,45.4
E92000001,England,nation,2022-10-30,VOC-22JAN-01 (Omicron BA.2),2335309.0,0.6
E92000001,England,nation,2022-10-23,Other,2332599.0,3.6
E92000001,England,nation,2022-10-23,V-20DEC-01 (Alpha),0.0,0.0
E92000001,England,nation,2022-10-23,V-21APR-02 (Delta B.1.617.2),0.0,0.0
E92000001,England,nation,2022-10-23,V-21OCT-01 (Delta AY 4.2),0.0,0.0
E92000001,England,nation,2022-10-23,V-22DEC-01 (Omicron CH.1.1),2332599.0,0.6
E92000001,England,nation,2022-10-23,V-22JUL-01 (Omicron BA.2.75),2332599.0,8.7
E92000001,England,nation,2022-10-23,V-22OCT-01 (Omicron BQ.1),2332599.0,32.9
E92000001,England,nation,2022-10-23,V-22OCT-02 (Omicron XBB),2332599.0,1.3
E92000001,England,nation,2022-10-23,V-23APR-01 (Omicron XBB.1.16),0.0,0.0
E92000001,England,nation,2022-10-23,V-23AUG-01 (Omicron BA.2.86),0.0,0.0
E92000001,England,nation,2022-10-23,V-23JAN-01 (Omicron XBB.1.5),2332599.0,0.1
E92000001,England,nation,2022-10-23,V-23JUL-01 (Omicron EG.5.1),0.0,0.0
E92000001,England,nation,2022-10-23,VOC-21NOV-01 (Omicron BA.1),2332599.0,0.0
E92000001,England,nation,2022-10-23,VOC-22APR-03 (Omicron BA.4),2332599.0,0.6
E92000001,England,nation,2022-10-23,VOC-22APR-04 (Omicron BA.5),2332599.0,51.7
E92000001,England,nation,2022-10-23,VOC-22JAN-01 (Omicron BA.2),2332599.0,0.7
E92000001,England,nation,2022-10-16,Other,2328833.0,4.6
E92000001,England,nation,2022-10-16,V-20DEC-01 (Alpha),0.0,0.0
E92000001,England,nation,2022-10-16,V-21APR-02 (Delta B.1.617.2),0.0,0.0
E92000001,England,nation,2022-10-16,V-21OCT-01 (Delta AY 4.2),0.0,0.0
E92000001,England,nation,2022-10-16,V-22DEC-01 (Omicron CH.1.1),2328833.0,0.4
E92000001,England,nation,2022-10-16,V-22JUL-01 (Omicron BA.2.75),2328833.0,6.8
E92000001,England,nation,2022-10-16,V-22OCT-01 (Omicron BQ.1),2328833.0,25.6
E92000001,England,nation,2022-10-16,V-22OCT-02 (Omicron XBB),2328833.0,1.2
E92000001,England,nation,2022-10-16,V-23APR-01 (Omicron XBB.1.16),0.0,0.0
E92000001,England,nation,2022-10-16,V-23AUG-01 (Omicron BA.2.86),0.0,0.0
E92000001,England,nation,2022-10-16,V-23JAN-01 (Omicron XBB.1.5),2328833.0,0.0
E92000001,England,nation,2022-10-16,V-23JUL-01 (Omicron EG.5.1),0.0,0.0
E92000001,England,nation,2022-10-16,VOC-21NOV-01 (Omicron BA.1),2328833.0,0.0
E92000001,England,nation,2022-10-16,VOC-22APR-03 (Omicron BA.4),2328833.0,0.5
E92000001,England,nation,2022-10-16,VOC-22APR-04 (Omicron BA.5),2328833.0,60.0
E92000001,England,nation,2022-10-16,VOC-22JAN-01 (Omicron BA.2),2328833.0,0.7
E92000001,England,nation,2022-10-09,Other,2323597.0,5.6
E92000001,England,nation,2022-10-09,V-20DEC-01 (Alpha),0.0,0.0
E92000001,England,nation,2022-10-09,V-21APR-02 (Delta B.1.617.2),0.0,0.0
E92000001,England,nation,2022-10-09,V-21OCT-01 (Delta AY 4.2),0.0,0.0
E92000001,England,nation,2022-10-09,V-22DEC-01 (Omicron CH.1.1),2323597.0,0.1
E92000001,England,nation,2022-10-09,V-22JUL-01 (Omicron BA.2.75),2323597.0,5.6
E92000001,England,nation,2022-10-09,V-22OCT-01 (Omicron BQ.1),2323597.0,19.5
E92000001,England,nation,2022-10-09,V-22OCT-02 (Omicron XBB),2323597.0,0.7
E92000001,England,nation,2022-10-09,V-23APR-01 (Omicron XBB.1.16),0.0,0.0
E92000001,England,nation,2022-10-09,V-23AUG-01 (Omicron BA.2.86),0.0,0.0
E92000001,England,nation,2022-10-09,V-23JAN-01 (Omicron XBB.1.5),2323597.0,0.0
E92000001,England,nation,2022-10-09,V-23JUL-01 (Omicron EG.5.1),0.0,0.0
E92000001,England,nation,2022-10-09,VOC-21NOV-01 (Omicron BA.1),0.0,0.0
E92000001,England,nation,2022-10-09,VOC-22APR-03 (Omicron BA.4),2323597.0,0.4
E92000001,England,nation,2022-10-09,VOC-22APR-04 (Omicron BA.5),2323597.0,67.8
E92000001,England,nation,2022-10-09,VOC-22JAN-01 (Omicron BA.2),2323597.0,0.3
E92000001,England,nation,2022-10-02,Other,2317823.0,6.2
E92000001,England,nation,2022-10-02,V-20DEC-01 (Alpha),0.0,0.0
E92000001,England,nation,2022-10-02,V-21APR-02 (Delta B.1.617.2),0.0,0.0
E92000001,England,nation,2022-10-02,V-21OCT-01 (Delta AY 4.2),0.0,0.0
E92000001,England,nation,2022-10-02,V-22DEC-01 (Omicron CH.1.1),2317823.0,0.2
E92000001,England,nation,2022-10-02,V-22JUL-01 (Omicron BA.2.75),2317823.0,5.6
E92000001,England,nation,2022-10-02,V-22OCT-01 (Omicron BQ.1),2317823.0,13.7
E92000001,England,nation,2022-10-02,V-22OCT-02 (Omicron XBB),2317823.0,0.3
E92000001,England,nation,2022-10-02,V-23APR-01 (Omicron XBB.1.16),2317823.0,0.0
E92000001,England,nation,2022-10-02,V-23AUG-01 (Omicron BA.2.86),0.0,0.0
E92000001,England,nation,2022-10-02,V-23JAN-01 (Omicron XBB.1.5),2317823.0,0.0
E92000001,England,nation,2022-10-02,V-23JUL-01 (Omicron EG.5.1),0.0,0.0
E92000001,England,nation,2022-10-02,VOC-21NOV-01 (Omicron BA.1),2317823.0,0.0
E92000001,England,nation,2022-10-02,VOC-22APR-03 (Omicron BA.4),2317823.0,0.6
E92000001,England,nation,2022-10-02,VOC-22APR-04 (Omicron BA.5),2317823.0,73.1
E92000001,England,nation,2022-10-02,VOC-22JAN-01 (Omicron BA.2),2317823.0,0.3
E92000001,England,nation,2022-09-25,Other,2311071.0,6.1
E92000001,England,nation,2022-09-25,V-20DEC-01 (Alpha),0.0,0.0
E92000001,England,nation,2022-09-25,V-21APR-02 (Delta B.1.617.2),0.0,0.0
E92000001,England,nation,2022-09-25,V-21OCT-01 (Delta AY 4.2),0.0,0.0
E92000001,England,nation,2022-09-25,V-22DEC-01 (Omicron CH.1.1),2311071.0,0.0
E92000001,England,nation,2022-09-25,V-22JUL-01 (Omicron BA.2.75),2311071.0,4.4
E92000001,England,nation,2022-09-25,V-22OCT-01 (Omicron BQ.1),2311071.0,8.9
E92000001,England,nation,2022-09-25,V-22OCT-02 (Omicron XBB),2311071.0,0.2
E92000001,England,nation,2022-09-25,V-23APR-01 (Omicron XBB.1.16),0.0,0.0
E92000001,England,nation,2022-09-25,V-23AUG-01 (Omicron BA.2.86),0.0,0.0
E92000001,England,nation,2022-09-25,V-23JAN-01 (Omicron XBB.1.5),0.0,0.0
E92000001,England,nation,2022-09-25,V-23JUL-01 (Omicron EG.5.1),0.0,0.0
E92000001,England,nation,2022-09-25,VOC-21NOV-01 (Omicron BA.1),2311071.0,0.0
E92000001,England,nation,2022-09-25,VOC-22APR-03 (Omicron BA.4),2311071.0,0.9
E92000001,England,nation,2022-09-25,VOC-22APR-04 (Omicron BA.5),2311071.0,79.0
E92000001,England,nation,2022-09-25,VOC-22JAN-01 (Omicron BA.2),2311071.0,0.3
E92000001,England,nation,2022-09-18,Other,2306274.0,5.9
E92000001,England,nation,2022-09-18,V-20DEC-01 (Alpha),0.0,0.0
E92000001,England,nation,2022-09-18,V-21APR-02 (Delta B.1.617.2),0.0,0.0
E92000001,England,nation,2022-09-18,V-21OCT-01 (Delta AY 4.2),0.0,0.0
E92000001,England,nation,2022-09-18,V-22DEC-01 (Omicron CH.1.1),2306274.0,0.1
E92000001,England,nation,2022-09-18,V-22JUL-01 (Omicron BA.2.75),2306274.0,5.2
E92000001,England,nation,2022-09-18,V-22OCT-01 (Omicron BQ.1),2306274.0,5.4
E92000001,England,nation,2022-09-18,V-22OCT-02 (Omicron XBB),2306274.0,0.1
E92000001,England,nation,2022-09-18,V-23APR-01 (Omicron XBB.1.16),2306274.0,0.0
E92000001,England,nation,2022-09-18,V-23AUG-01 (Omicron BA.2.86),0.0,0.0
E92000001,England,nation,2022-09-18,V-23JAN-01 (Omicron XBB.1.5),0.0,0.0
E92000001,England,nation,2022-09-18,V-23JUL-01 (Omicron EG.5.1),0.0,0.0
E92000001,England,nation,2022-09-18,VOC-21NOV-01 (Omicron BA.1),2306274.0,0.1
E92000001,England,nation,2022-09-18,VOC-22APR-03 (Omicron BA.4),2306274.0,2.1
E92000001,England,nation,2022-09-18,VOC-22APR-04 (Omicron BA.5),2306274.0,81.1
E92000001,England,nation,2022-09-18,VOC-22JAN-01 (Omicron BA.2),2306274.0,0.2
E92000001,England,nation,2022-09-11,Other,2302537.0,5.9
E92000001,England,nation,2022-09-11,V-20DEC-01 (Alpha),0.0,0.0
E92000001,England,nation,2022-09-11,V-21APR-02 (Delta B.1.617.2),0.0,0.0
E92000001,England,nation,2022-09-11,V-21OCT-01 (Delta AY 4.2),0.0,0.0
E92000001,England,nation,2022-09-11,V-22DEC-01 (Omicron CH.1.1),0.0,0.0
E92000001,England,nation,2022-09-11,V-22JUL-01 (Omicron BA.2.75),2302537.0,4.4
E92000001,England,nation,2022-09-11,V-22OCT-01 (Omicron BQ.1),2302537.0,2.9
E92000001,England,nation,2022-09-11,V-22OCT-02 (Omicron XBB),2302537.0,0.1
E92000001,England,nation,2022-09-11,V-23APR-01 (Omicron XBB.1.16),0.0,0.0
E92000001,England,nation,2022-09-11,V-23AUG-01 (Omicron BA.2.86),0.0,0.0
E92000001,England,nation,2022-09-11,V-23JAN-01 (Omicron XBB.1.5),0.0,0.0
E92000001,England,nation,2022-09-11,V-23JUL-01 (Omicron EG.5.1),0.0,0.0
E92000001,England,nation,2022-09-11,VOC-21NOV-01 (Omicron BA.1),2302537.0,0.0
E92000001,England,nation,2022-09-11,VOC-22APR-03 (Omicron BA.4),2302537.0,1.9
E92000001,England,nation,2022-09-11,VOC-22APR-04 (Omicron BA.5),2302537.0,84.6
E92000001,England,nation,2022-09-11,VOC-22JAN-01 (Omicron BA.2),2302537.0,0.3
E92000001,England,nation,2022-09-04,Other,2299843.0,8.2
E92000001,England,nation,2022-09-04,V-20DEC-01 (Alpha),0.0,0.0
E92000001,England,nation,2022-09-04,V-21APR-02 (Delta B.1.617.2),0.0,0.0
E92000001,England,nation,2022-09-04,V-21OCT-01 (Delta AY 4.2),0.0,0.0
E92000001,England,nation,2022-09-04,V-22DEC-01 (Omicron CH.1.1),0.0,0.0
E92000001,England,nation,2022-09-04,V-22JUL-01 (Omicron BA.2.75),2299843.0,2.5
E92000001,England,nation,2022-09-04,V-22OCT-01 (Omicron BQ.1),2299843.0,2.2
E92000001,England,nation,2022-09-04,V-22OCT-02 (Omicron XBB),2299843.0,0.0
E92000001,England,nation,2022-09-04,V-23APR-01 (Omicron XBB.1.16),0.0,0.0
E92000001,England,nation,2022-09-04,V-23AUG-01 (Omicron BA.2.86),0.0,0.0
E92000001,England,nation,2022-09-04,V-23JAN-01 (Omicron XBB.1.5),0.0,0.0
E92000001,England,nation,2022-09-04,V-23JUL-01 (Omicron EG.5.1),0.0,0.0
E92000001,England,nation,2022-09-04,VOC-21NOV-01 (Omicron BA.1),2299843.0,0.0
E92000001,England,nation,2022-09-04,VOC-22APR-03 (Omicron BA.4),2299843.0,2.3
E92000001,England,nation,2022-09-04,VOC-22APR-04 (Omicron BA.5),2299843.0,84.2
E92000001,England,nation,2022-09-04,VOC-22JAN-01 (Omicron BA.2),2299843.0,0.5
E92000001,England,nation,2022-08-28,Other,2297539.0,7.7
E92000001,England,nation,2022-08-28,V-20DEC-01 (Alpha),0.0,0.0
E92000001,England,nation,2022-08-28,V-21APR-02 (Delta B.1.617.2),0.0,0.0
E92000001,England,nation,2022-08-28,V-21OCT-01 (Delta AY 4.2),0.0,0.0
E92000001,England,nation,2022-08-28,V-22DEC-01 (Omicron CH.1.1),0.0,0.0
E92000001,England,nation,2022-08-28,V-22JUL-01 (Omicron BA.2.75),2297539.0,1.6
E92000001,England,nation,2022-08-28,V-22OCT-01 (Omicron BQ.1),2297539.0,0.8
E92000001,England,nation,2022-08-28,V-22OCT-02 (Omicron XBB),0.0,0.0
E92000001,England,nation,2022-08-28,V-23APR-01 (Omicron XBB.1.16),0.0,0.0
E92000001,England,nation,2022-08-28,V-23AUG-01 (Omicron BA.2.86),0.0,0.0
E92000001,England,nation,2022-08-28,V-23JAN-01 (Omicron XBB.1.5),0.0,0.0
E92000001,England,nation,2022-08-28,V-23JUL-01 (Omicron EG.5.1),0.0,0.0
E92000001,England,nation,2022-08-28,VOC-21NOV-01 (Omicron BA.1),2297539.0,0.0
E92000001,England,nation,2022-08-28,VOC-22APR-03 (Omicron BA.4),2297539.0,2.8
E92000001,England,nation,2022-08-28,VOC-22APR-04 (Omicron BA.5),2297539.0,86.7
E92000001,England,nation,2022-08-28,VOC-22JAN-01 (Omicron BA.2),2297539.0,0.3
E92000001,England,nation,2022-08-21,Other,2295189.0,7.5
E92000001,England,nation,2022-08-21,V-20DEC-01 (Alpha),0.0,0.0
E92000001,England,nation,2022-08-21,V-21APR-02 (Delta B.1.617.2),0.0,0.0
E92000001,England,nation,2022-08-21,V-21OCT-01 (Delta AY 4.2),0.0,0.0
E92000001,England,nation,2022-08-21,V-22DEC-01 (Omicron CH.1.1),0.0,0.0
E92000001,England,nation,2022-08-21,V-22JUL-01 (Omicron BA.2.75),2295189.0,1.3
E92000001,England,nation,2022-08-21,V-22OCT-01 (Omicron BQ.1),2295189.0,0.6
E92000001,England,nation,2022-08-21,V-22OCT-02 (Omicron XBB),0.0,0.0
E92000001,England,nation,2022-08-21,V-23APR-01 (Omicron XBB.1.16),0.0,0.0
E92000001,England,nation,2022-08-21,V-23AUG-01 (Omicron BA.2.86),0.0,0.0
E92000001,England,nation,2022-08-21,V-23JAN-01 (Omicron XBB.1.5),0.0,0.0
E92000001,England,nation,2022-08-21,V-23JUL-01 (Omicron EG.5.1),0.0,0.0
E92000001,England,nation,2022-08-21,VOC-21NOV-01 (Omicron BA.1),0.0,0.0
E92000001,England,nation,2022-08-21,VOC-22APR-03 (Omicron BA.4),2295189.0,4.0
E92000001,England,nation,2022-08-21,VOC-22APR-04 (Omicron BA.5),2295189.0,86.2
E92000001,England,nation,2022-08-21,VOC-22JAN-01 (Omicron BA.2),2295189.0,0.3
E92000001,England,nation,2022-08-14,Other,2292870.0,7.0
E92000001,England,nation,2022-08-14,V-20DEC-01 (Alpha),0.0,0.0
E92000001,England,nation,2022-08-14,V-21APR-02 (Delta B.1.617.2),0.0,0.0
E92000001,England,nation,2022-08-14,V-21OCT-01 (Delta AY 4.2),0.0,0.0
E92000001,England,nation,2022-08-14,V-22DEC-01 (Omicron CH.1.1),0.0,0.0
E92000001,England,nation,2022-08-14,V-22JUL-01 (Omicron BA.2.75),2292870.0,0.6
E92000001,England,nation,2022-08-14,V-22OCT-01 (Omicron BQ.1),2292870.0,0.1
E92000001,England,nation,2022-08-14,V-22OCT-02 (Omicron XBB),0.0,0.0
E92000001,England,nation,2022-08-14,V-23APR-01 (Omicron XBB.1.16),0.0,0.0
E92000001,England,nation,2022-08-14,V-23AUG-01 (Omicron BA.2.86),0.0,0.0
E92000001,England,nation,2022-08-14,V-23JAN-01 (Omicron XBB.1.5),2292870.0,0.0
E92000001,England,nation,2022-08-14,V-23JUL-01 (Omicron EG.5.1),0.0,0.0
E92000001,England,nation,2022-08-14,VOC-21NOV-01 (Omicron BA.1),2292870.0,0.0
E92000001,England,nation,2022-08-14,VOC-22APR-03 (Omicron BA.4),2292870.0,4.3
E92000001,England,nation,2022-08-14,VOC-22APR-04 (Omicron BA.5),2292870.0,87.1
E92000001,England,nation,2022-08-14,VOC-22JAN-01 (Omicron BA.2),2292870.0,0.8
E92000001,England,nation,2022-08-07,Other,2289897.0,5.7
E92000001,England,nation,2022-08-07,V-20DEC-01 (Alpha),0.0,0.0
E92000001,England,nation,2022-08-07,V-21APR-02 (Delta B.1.617.2),0.0,0.0
E92000001,England,nation,2022-08-07,V-21OCT-01 (Delta AY 4.2),0.0,0.0
E92000001,England,nation,2022-08-07,V-22DEC-01 (Omicron CH.1.1),2289897.0,0.0
E92000001,England,nation,2022-08-07,V-22JUL-01 (Omicron BA.2.75),2289897.0,0.6
E92000001,England,nation,2022-08-07,V-22OCT-01 (Omicron BQ.1),2289897.0,0.1
E92000001,England,nation,2022-08-07,V-22OCT-02 (Omicron XBB),0.0,0.0
E92000001,England,nation,2022-08-07,V-23APR-01 (Omicron XBB.1.16),0.0,0.0
E92000001,England,nation,2022-08-07,V-23AUG-01 (Omicron BA.2.86),0.0,0.0
E92000001,England,nation,2022-08-07,V-23JAN-01 (Omicron XBB.1.5),0.0,0.0
E92000001,England,nation,2022-08-07,V-23JUL-01 (Omicron EG.5.1),0.0,0.0
E92000001,England,nation,2022-08-07,VOC-21NOV-01 (Omicron BA.1),2289897.0,0.0
E92000001,England,nation,2022-08-07,VOC-22APR-03 (Omicron BA.4),2289897.0,6.1
E92000001,England,nation,2022-08-07,VOC-22APR-04 (Omicron BA.5),2289897.0,87.2
E92000001,England,nation,2022-08-07,VOC-22JAN-01 (Omicron BA.2),2289897.0,0.3
E92000001,England,nation,2022-07-31,Other,2285719.0,6.5
E92000001,England,nation,2022-07-31,V-20DEC-01 (Alpha),0.0,0.0
E92000001,England,nation,2022-07-31,V-21APR-02 (Delta B.1.617.2),0.0,0.0
E92000001,England,nation,2022-07-31,V-21OCT-01 (Delta AY 4.2),0.0,0.0
E92000001,England,nation,2022-07-31,V-22DEC-01 (Omicron CH.1.1),0.0,0.0
E92000001,England,nation,2022-07-31,V-22JUL-01 (Omicron BA.2.75),2285719.0,0.3
E92000001,England,nation,2022-07-31,V-22OCT-01 (Omicron BQ.1),2285719.0,0.1
E92000001,England,nation,2022-07-31,V-22OCT-02 (Omicron XBB),0.0,0.0
E92000001,England,nation,2022-07-31,V-23APR-01 (Omicron XBB.1.16),0.0,0.0
E92000001,England,nation,2022-07-31,V-23AUG-01 (Omicron BA.2.86),0.0,0.0
E92000001,England,nation,2022-07-31,V-23JAN-01 (Omicron XBB.1.5),0.0,0.0
E92000001,England,nation,2022-07-31,V-23JUL-01 (Omicron EG.5.1),0.0,0.0
E92000001,England,nation,2022-07-31,VOC-21NOV-01 (Omicron BA.1),2285719.0,0.0
E92000001,England,nation,2022-07-31,VOC-22APR-03 (Omicron BA.4),2285719.0,7.2
E92000001,England,nation,2022-07-31,VOC-22APR-04 (Omicron BA.5),2285719.0,85.1
E92000001,England,nation,2022-07-31,VOC-22JAN-01 (Omicron BA.2),2285719.0,0.8
E92000001,England,nation,2022-07-24,Other,2280674.0,5.2
E92000001,England,nation,2022-07-24,V-20DEC-01 (Alpha),0.0,0.0
E92000001,England,nation,2022-07-24,V-21APR-02 (Delta B.1.617.2),0.0,0.0
E92000001,England,nation,2022-07-24,V-21OCT-01 (Delta AY 4.2),0.0,0.0
E92000001,England,nation,2022-07-24,V-22DEC-01 (Omicron CH.1.1),2280674.0,0.0
E92000001,England,nation,2022-07-24,V-22JUL-01 (Omicron BA.2.75),2280674.0,0.1
E92000001,England,nation,2022-07-24,V-22OCT-01 (Omicron BQ.1),2280674.0,0.1
E92000001,England,nation,2022-07-24,V-22OCT-02 (Omicron XBB),0.0,0.0
E92000001,England,nation,2022-07-24,V-23APR-01 (Omicron XBB.1.16),0.0,0.0
E92000001,England,nation,2022-07-24,V-23AUG-01 (Omicron BA.2.86),0.0,0.0
E92000001,England,nation,2022-07-24,V-23JAN-01 (Omicron XBB.1.5),0.0,0.0
E92000001,England,nation,2022-07-24,V-23JUL-01 (Omicron EG.5.1),0.0,0.0
E92000001,England,nation,2022-07-24,VOC-21NOV-01 (Omicron BA.1),0.0,0.0
E92000001,England,nation,2022-07-24,VOC-22APR-03 (Omicron BA.4),2280674.0,8.1
E92000001,England,nation,2022-07-24,VOC-22APR-04 (Omicron BA.5),2280674.0,85.3
E92000001,England,nation,2022-07-24,VOC-22JAN-01 (Omicron BA.2),2280674.0,1.2
E92000001,England,nation,2022-07-17,Other,2274157.0,3.5
E92000001,England,nation,2022-07-17,V-20DEC-01 (Alpha),0.0,0.0
E92000001,England,nation,2022-07-17,V-21APR-02 (Delta B.1.617.2),0.0,0.0
E92000001,England,nation,2022-07-17,V-21OCT-01 (Delta AY 4.2),0.0,0.0
E92000001,England,nation,2022-07-17,V-22DEC-01 (Omicron CH.1.1),0.0,0.0
E92000001,England,nation,2022-07-17,V-22JUL-01 (Omicron BA.2.75),2274157.0,0.1
E92000001,England,nation,2022-07-17,V-22OCT-01 (Omicron BQ.1),2274157.0,0.0
E92000001,England,nation,2022-07-17,V-22OCT-02 (Omicron XBB),0.0,0.0
E92000001,England,nation,2022-07-17,V-23APR-01 (Omicron XBB.1.16),0.0,0.0
E92000001,England,nation,2022-07-17,V-23AUG-01 (Omicron BA.2.86),0.0,0.0
E92000001,England,nation,2022-07-17,V-23JAN-01 (Omicron XBB.1.5),0.0,0.0
E92000001,England,nation,2022-07-17,V-23JUL-01 (Omicron EG.5.1),0.0,0.0
E92000001,England,nation,2022-07-17,VOC-21NOV-01 (Omicron BA.1),2274157.0,0.0
E92000001,England,nation,2022-07-17,VOC-22APR-03 (Omicron BA.4),2274157.0,10.8
E92000001,England,nation,2022-07-17,VOC-22APR-04 (Omicron BA.5),2274157.0,83.9
E92000001,England,nation,2022-07-17,VOC-22JAN-01 (Omicron BA.2),2274157.0,1.6
E92000001,England,nation,2022-07-10,Other,2266330.0,3.3
E92000001,England,nation,2022-07-10,V-20DEC-01 (Alpha),0.0,0.0
E92000001,England,nation,2022-07-10,V-21APR-02 (Delta B.1.617.2),2266330.0,0.0
E92000001,England,nation,2022-07-10,V-21OCT-01 (Delta AY 4.2),0.0,0.0
E92000001,England,nation,2022-07-10,V-22DEC-01 (Omicron CH.1.1),0.0,0.0
E92000001,England,nation,2022-07-10,V-22JUL-01 (Omicron BA.2.75),2266330.0,0.1
E92000001,England,nation,2022-07-10,V-22OCT-01 (Omicron BQ.1),2266330.0,0.1
E92000001,England,nation,2022-07-10,V-22OCT-02 (Omicron XBB),0.0,0.0
E92000001,England,nation,2022-07-10,V-23APR-01 (Omicron XBB.1.16),0.0,0.0
E92000001,England,nation,2022-07-10,V-23AUG-01 (Omicron BA.2.86),0.0,0.0
E92000001,England,nation,2022-07-10,V-23JAN-01 (Omicron XBB.1.5),0.0,0.0
E92000001,England,nation,2022-07-10,V-23JUL-01 (Omicron EG.5.1),0.0,0.0
E92000001,England,nation,2022-07-10,VOC-21NOV-01 (Omicron BA.1),2266330.0,0.0
E92000001,England,nation,2022-07-10,VOC-22APR-03 (Omicron BA.4),2266330.0,13.5
E92000001,England,nation,2022-07-10,VOC-22APR-04 (Omicron BA.5),2266330.0,80.4
E92000001,England,nation,2022-07-10,VOC-22JAN-01 (Omicron BA.2),2266330.0,2.6
E92000001,England,nation,2022-07-03,Other,2257612.0,2.9
E92000001,England,nation,2022-07-03,V-20DEC-01 (Alpha),0.0,0.0
E92000001,England,nation,2022-07-03,V-21APR-02 (Delta B.1.617.2),0.0,0.0
E92000001,England,nation,2022-07-03,V-21OCT-01 (Delta AY 4.2),0.0,0.0
E92000001,England,nation,2022-07-03,V-22DEC-01 (Omicron CH.1.1),2257612.0,0.0
E92000001,England,nation,2022-07-03,V-22JUL-01 (Omicron BA.2.75),2257612.0,0.0
E92000001,England,nation,2022-07-03,V-22OCT-01 (Omicron BQ.1),2257612.0,0.0
E92000001,England,nation,2022-07-03,V-22OCT-02 (Omicron XBB),0.0,0.0
E92000001,England,nation,2022-07-03,V-23APR-01 (Omicron XBB.1.16),0.0,0.0
E92000001,England,nation,2022-07-03,V-23AUG-01 (Omicron BA.2.86),0.0,0.0
E92000001,England,nation,2022-07-03,V-23JAN-01 (Omicron XBB.1.5),0.0,0.0
E92000001,England,nation,2022-07-03,V-23JUL-01 (Omicron EG.5.1),0.0,0.0
E92000001,England,nation,2022-07-03,VOC-21NOV-01 (Omicron BA.1),0.0,0.0
E92000001,England,nation,2022-07-03,VOC-22APR-03 (Omicron BA.4),2257612.0,14.1
E92000001,England,nation,2022-07-03,VOC-22APR-04 (Omicron BA.5),2257612.0,77.9
E92000001,England,nation,2022-07-03,VOC-22JAN-01 (Omicron BA.2),2257612.0,5.0
E92000001,England,nation,2022-06-26,Other,2247383.0,2.9
E92000001,England,nation,2022-06-26,V-20DEC-01 (Alpha),0.0,0.0
E92000001,England,nation,2022-06-26,V-21APR-02 (Delta B.1.617.2),2247383.0,0.0
E92000001,England,nation,2022-06-26,V-21OCT-01 (Delta AY 4.2),0.0,0.0
E92000001,England,nation,2022-06-26,V-22DEC-01 (Omicron CH.1.1),0.0,0.0
E92000001,England,nation,2022-06-26,V-22JUL-01 (Omicron BA.2.75),2247383.0,0.1
E92000001,England,nation,2022-06-26,V-22OCT-01 (Omicron BQ.1),2247383.0,0.0
E92000001,England,nation,2022-06-26,V-22OCT-02 (Omicron XBB),0.0,0.0
E92000001,England,nation,2022-06-26,V-23APR-01 (Omicron XBB.1.16),0.0,0.0
E92000001,England,nation,2022-06-26,V-23AUG-01 (Omicron BA.2.86),0.0,0.0
E92000001,England,nation,2022-06-26,V-23JAN-01 (Omicron XBB.1.5),0.0,0.0
E92000001,England,nation,2022-06-26,V-23JUL-01 (Omicron EG.5.1),0.0,0.0
E92000001,England,nation,2022-06-26,VOC-21NOV-01 (Omicron BA.1),2247383.0,0.0
E92000001,England,nation,2022-06-26,VOC-22APR-03 (Omicron BA.4),2247383.0,18.0
E92000001,England,nation,2022-06-26,VOC-22APR-04 (Omicron BA.5),2247383.0,70.8
E92000001,England,nation,2022-06-26,VOC-22JAN-01 (Omicron BA.2),2247383.0,8.2
E92000001,England,nation,2022-06-19,Other,2236513.0,2.6
E92000001,England,nation,2022-06-19,V-20DEC-01 (Alpha),0.0,0.0
E92000001,England,nation,2022-06-19,V-21APR-02 (Delta B.1.617.2),0.0,0.0
E92000001,England,nation,2022-06-19,V-21OCT-01 (Delta AY 4.2),0.0,0.0
E92000001,England,nation,2022-06-19,V-22DEC-01 (Omicron CH.1.1),2236513.0,0.0
E92000001,England,nation,2022-06-19,V-22JUL-01 (Omicron BA.2.75),2236513.0,0.1
E92000001,England,nation,2022-06-19,V-22OCT-01 (Omicron BQ.1),2236513.0,0.0
E92000001,England,nation,2022-06-19,V-22OCT-02 (Omicron XBB),0.0,0.0
E92000001,England,nation,2022-06-19,V-23APR-01 (Omicron XBB.1.16),0.0,0.0
E92000001,England,nation,2022-06-19,V-23AUG-01 (Omicron BA.2.86),0.0,0.0
E92000001,England,nation,2022-06-19,V-23JAN-01 (Omicron XBB.1.5),0.0,0.0
E92000001,England,nation,2022-06-19,V-23JUL-01 (Omicron EG.5.1),0.0,0.0
E92000001,England,nation,2022-06-19,VOC-21NOV-01 (Omicron BA.1),2236513.0,0.0
E92000001,England,nation,2022-06-19,VOC-22APR-03 (Omicron BA.4),2236513.0,18.7
E92000001,England,nation,2022-06-19,VOC-22APR-04 (Omicron BA.5),2236513.0,64.4
E92000001,England,nation,2022-06-19,VOC-22JAN-01 (Omicron BA.2),2236513.0,14.2
E92000001,England,nation,2022-06-12,Other,2227608.0,1.2
E92000001,England,nation,2022-06-12,V-20DEC-01 (Alpha),0.0,0.0
E92000001,England,nation,2022-06-12,V-21APR-02 (Delta B.1.617.2),0.0,0.0
E92000001,England,nation,2022-06-12,V-21OCT-01 (Delta AY 4.2),0.0,0.0
E92000001,England,nation,2022-06-12,V-22DEC-01 (Omicron CH.1.1),0.0,0.0
E92000001,England,nation,2022-06-12,V-22JUL-01 (Omicron BA.2.75),0.0,0.0
E92000001,England,nation,2022-06-12,V-22OCT-01 (Omicron BQ.1),0.0,0.0
E92000001,England,nation,2022-06-12,V-22OCT-02 (Omicron XBB),0.0,0.0
E92000001,England,nation,2022-06-12,V-23APR-01 (Omicron XBB.1.16),0.0,0.0
E92000001,England,nation,2022-06-12,V-23AUG-01 (Omicron BA.2.86),0.0,0.0
E92000001,England,nation,2022-06-12,V-23JAN-01 (Omicron XBB.1.5),0.0,0.0
E92000001,England,nation,2022-06-12,V-23JUL-01 (Omicron EG.5.1),0.0,0.0
E92000001,England,nation,2022-06-12,VOC-21NOV-01 (Omicron BA.1),2227608.0,0.1
E92000001,England,nation,2022-06-12,VOC-22APR-03 (Omicron BA.4),2227608.0,20.6
E92000001,England,nation,2022-06-12,VOC-22APR-04 (Omicron BA.5),2227608.0,53.4
E92000001,England,nation,2022-06-12,VOC-22JAN-01 (Omicron BA.2),2227608.0,24.7
E92000001,England,nation,2022-06-05,Other,2221502.0,1.4
E92000001,England,nation,2022-06-05,V-20DEC-01 (Alpha),0.0,0.0
E92000001,England,nation,2022-06-05,V-21APR-02 (Delta B.1.617.2),2221502.0,0.1
E92000001,England,nation,2022-06-05,V-21OCT-01 (Delta AY 4.2),0.0,0.0
E92000001,England,nation,2022-06-05,V-22DEC-01 (Omicron CH.1.1),0.0,0.0
E92000001,England,nation,2022-06-05,V-22JUL-01 (Omicron BA.2.75),0.0,0.0
E92000001,England,nation,2022-06-05,V-22OCT-01 (Omicron BQ.1),0.0,0.0
E92000001,England,nation,2022-06-05,V-22OCT-02 (Omicron XBB),0.0,0.0
E92000001,England,nation,2022-06-05,V-23APR-01 (Omicron XBB.1.16),0.0,0.0
E92000001,England,nation,2022-06-05,V-23AUG-01 (Omicron BA.2.86),0.0,0.0
E92000001,England,nation,2022-06-05,V-23JAN-01 (Omicron XBB.1.5),0.0,0.0
E92000001,England,nation,2022-06-05,V-23JUL-01 (Omicron EG.5.1),0.0,0.0
E92000001,England,nation,2022-06-05,VOC-21NOV-01 (Omicron BA.1),2221502.0,0.0
E92000001,England,nation,2022-06-05,VOC-22APR-03 (Omicron BA.4),2221502.0,19.2
E92000001,England,nation,2022-06-05,VOC-22APR-04 (Omicron BA.5),2221502.0,41.0
E92000001,England,nation,2022-06-05,VOC-22JAN-01 (Omicron BA.2),2221502.0,38.3